Station Name,Predicted_Log_Total_Demand,Weekday,Unscaled_Predicted_Log_Total_Demand,Unscaled_Predicted_Total_Demand
Aircraft,2.885838270187378,0,12.258663014971138,210799.56139349032
Alamein,2.880375385284424,0,12.248886553071948,208748.72879127972
Albion,2.9021732807159424,0,12.287896398227854,217052.9036058213
Alphington,2.9160823822021484,0,12.312788337770334,222523.5767220126
Altona,2.900282382965088,0,12.284512418857082,216319.64242773666
Anstey,2.942229747772217,0,12.359582060830789,233183.75290921907
Armadale,2.9354491233825684,0,12.347447352306677,230371.235089212
Ascot Vale,2.9332339763641357,0,12.343483091515624,229459.79122878003
Ashburton,2.9083096981048584,0,12.298878224106671,219449.67718715683
Aspendale,2.8995611667633057,0,12.283221719374472,216040.61888368442
Auburn,2.9321744441986084,0,12.341586936639352,229025.11216638229
Balaclava,2.9610390663146973,0,12.393243503337267,241166.65869651872
Batman,2.9151110649108887,0,12.31105005357458,222137.10350287342
Baxter,0.48127827048301697,0,7.9554258721357884,2851.0022329699796
Bayswater,2.90596866607666,0,12.294688677587747,218532.2057925394
Beaconsfield,2.789663076400757,0,12.086546425585613,177468.14829779655
Belgrave,2.8518319129943848,0,12.197804720986621,198353.2321483401
Bell,2.9341635704040527,0,12.345146707146268,229841.8418286332
Bentleigh,2.9306633472442627,0,12.338882654549838,228406.60034965453
Berwick,2.8055760860443115,0,12.115024589640932,182594.76721510102
Bittern,2.6720330715179443,0,11.87603397998814,143779.18727869788
Blackburn,2.9158737659454346,0,12.312414994944785,222440.51464740754
Bonbeach,2.88897442817688,0,12.264275531002298,211986.00365985025
Boronia,2.908294916152954,0,12.298851770100747,219443.87194088273
Box Hill,2.9363391399383545,0,12.349040139469846,230738.45981300194
Brighton Beach,2.9134600162506104,0,12.308095311783811,221481.71444940873
Broadmeadows,2.9171159267425537,0,12.314637984797479,222935.5476771396
Brunswick,2.9448373317718506,0,12.364248632811385,234274.4646399175
Burnley,2.942417860031128,0,12.359918709390055,233262.26709878302
Burwood,2.8997039794921875,0,12.283477299205904,216095.84156524236
Camberwell,2.9387552738189697,0,12.353364089405968,231738.32147963683
Canterbury,2.9102783203125,0,12.302401300347304,220224.17864361245
Cardinia Road,2.6940126419067383,0,11.915368953410407,149547.44112453054
Carnegie,2.948423385620117,0,12.370666289313185,235782.79246920114
Carrum,2.8826043605804443,0,12.252875561158865,209583.09219336242
Caulfield,2.9420626163482666,0,12.359282959892834,233114.01785943736
Chatham,2.902451753616333,0,12.288394757565271,217161.10090537468
Chelsea,2.8977906703948975,0,12.280053212148731,215357.17594043177
Cheltenham,2.9154484272003174,0,12.311653802258181,222271.2589807139
Clayton,2.931042194366455,0,12.339560645121033,228561.5103789258
Clifton Hill,2.9332096576690674,0,12.343439570409103,229449.8051020688
Coburg,2.9273180961608887,0,12.332895942338101,227043.2807390416
Collingwood,2.985952377319336,0,12.437828743580532,252162.43535510675
Coolaroo,2.897646427154541,0,12.27979507225221,215301.59083599455
Craigieburn,2.887012481689453,0,12.260764401732082,211242.99855432665
Cranbourne,2.787031412124634,0,12.081836759176007,176634.29764149655
Crib Point,2.6192493438720703,0,11.781571418284145,130819.18980402172
Croxton,2.942661762237549,0,12.36035520048781,233364.10622613315
Croydon,2.90911602973938,0,12.300321247462104,219766.57678845274
Dandenong,2.8926079273223877,0,12.270778096329565,213368.94796700825
Darebin,2.8996732234954834,0,12.283422257806482,216083.94767504447
Darling,2.920097589492798,0,12.319974013798976,224128.31772262283
Dennis,2.9246582984924316,0,12.328135927981737,225965.1195303473
Diamond Creek,2.8939287662506104,0,12.27314188976218,213873.90465646845
Diggers Rest,2.8310253620147705,0,12.160569000937723,191103.22401975418
Eaglemont,2.898637056350708,0,12.28156791732667,215683.62574512456
East Camberwell,2.903470039367676,0,12.290217097231462,217557.20300016916
East Malvern,2.92161226272583,0,12.322684696051216,224736.6825450495
East Richmond,2.9461963176727295,0,12.366680694646387,234844.92804423335
Edithvale,2.9004452228546143,0,12.284803839599768,216382.69164506914
Elsternwick,2.9364771842956543,0,12.34928718575098,230795.46993319233
Eltham,2.909748077392578,0,12.301452369554138,220015.30026033678
Epping,2.896796941757202,0,12.278274820266576,214974.52683785398
Essendon,2.9307379722595215,0,12.339016204612005,228437.10610230768
Fairfield,2.9258430004119873,0,12.330256088553337,226444.71009218247
Fawkner,2.9033710956573486,0,12.290040026062773,217518.6833024417
Ferntree Gully,2.8903627395629883,0,12.266760074171632,212513.34686945035
Flagstaff,3.0434656143188477,0,12.540755307147847,279499.3670926872
Flemington Bridge,2.939082622528076,0,12.353949917633944,231874.12010331312
Flemington Racecourse,2.9240596294403076,0,12.327064540741791,225723.1530276668
Flinders Street,3.0456833839416504,0,12.544724261391563,280610.89162771945
Footscray,2.942095994949341,0,12.359342694744923,233127.94330672713
Frankston,2.817863941192627,0,12.137015122082008,186654.59869068678
Gardenvale,2.9192655086517334,0,12.31848490927193,223794.81560144862
Gardiner,2.9249160289764404,0,12.328597166375356,226069.36735879575
Ginifer,2.9106438159942627,0,12.303055396977665,220368.27365768142
Glen Iris,2.9198522567749023,0,12.31953496263613,224029.93552308984
Glen Waverley,2.9196414947509766,0,12.319157779712949,223945.45119115445
Glenbervie,2.9214489459991455,0,12.322392421953499,224671.00743196945
Glenferrie,2.9374985694885254,0,12.351115072224864,231217.72364927683
Glenhuntly,2.936614990234375,0,12.3495338053546,230852.39563971377
Glenroy,2.9156076908111572,0,12.311938822838144,222334.61989301065
Gowrie,2.9057958126068115,0,12.294379336389433,218464.61523294073
Greensborough,2.917750358581543,0,12.315773373664662,223188.80996445555
Hallam,2.8668441772460938,0,12.224670897390602,203754.45530478706
Hampton,2.920382261276245,0,12.320483466751782,224242.5296462245
Hartwell,2.877373456954956,0,12.243514256481685,207630.27572818592
Hastings,2.703920602798462,0,11.933100390897629,152222.78094418874
Hawksburn,2.97137713432312,0,12.411744667061388,245670.05309642808
Hawkstowe,2.880913019180298,0,12.249848710868076,208949.67466343462
Hawthorn,2.9373836517333984,0,12.350909413662677,231170.1766340719
Heatherdale,2.902496099472046,0,12.288474119583045,217178.33593241865
Heathmont,2.895484685897827,0,12.275926387224498,214470.26589910372
Heidelberg,2.9154744148254395,0,12.311700310107307,222281.59657927943
Heyington,2.905761957168579,0,12.294318748182317,218451.37925456156
Highett,2.922395944595337,0,12.324087185042732,225052.09439743357
Holmesglen,2.9303510189056396,0,12.338323707005301,228278.96871425057
Hoppers Crossing,2.8716213703155518,0,12.233220234756905,205503.88847459573
Hughesdale,2.929276943206787,0,12.336401524800621,227840.59639359644
Huntingdale,2.914550542831421,0,12.31004693473702,221914.38531490954
Hurstbridge,2.8673107624053955,0,12.225505905287287,203924.66293641986
Ivanhoe,2.9265408515930176,0,12.331504973639486,226727.6901814798
Jacana,2.905277729034424,0,12.293452166149528,218262.15521517975
Jewell,2.948364734649658,0,12.370561326644516,235758.0453768606
Jolimont,2.9475197792053223,0,12.369049181531667,235401.8144050698
Jordanville,2.9086978435516357,0,12.299572855100948,219602.16669045115
Kananook,2.8429253101348877,0,12.181865329062035,195216.66612633108
Keilor Plains,2.9054694175720215,0,12.293795214871519,218337.04261286394
Kensington,2.9421753883361816,0,12.359484778357388,233161.06932035476
Keon Park,2.9039852619171143,0,12.291139147341188,217757.89415249796
Kooyong,2.9257946014404297,0,12.33016947301781,226425.09731174837
Laburnum,2.9122519493103027,0,12.305933336815748,221003.39377186255
Lalor,2.9020626544952393,0,12.287698419860934,217009.93607989085
Laverton,2.8896477222442627,0,12.26548046830441,212241.58745348625
Leawarra,2.7025012969970703,0,11.930560379651354,151836.6239977573
Lilydale,2.8677871227264404,0,12.226358406962081,204098.5831762197
Lynbrook,2.856612205505371,0,12.206359605160618,200057.40016145943
Macaulay,2.942192792892456,0,12.359515925815977,233168.33180820948
Macleod,2.9073970317840576,0,12.297244902579585,219091.53786324724
Malvern,2.9448108673095703,0,12.364201271607232,234263.3693819143
Mckinnon,2.9322032928466797,0,12.341638564618659,229036.93657536648
Melbourne Central,3.0431735515594482,0,12.54023262719208,279353.316548029
Mentone,2.918111562728882,0,12.316419790099754,223333.12951958607
Merinda Park,2.835951328277588,0,12.169384585073331,192795.35818664214
Merlynston,2.907504081726074,0,12.297436480783782,219133.51504745413
Mernda,2.8928399085998535,0,12.271193253551573,213457.54801691175
Merri,2.926339864730835,0,12.331145284494415,226646.1533572688
Middle Brighton,2.9142887592315674,0,12.309578442825647,221810.44456997231
Middle Footscray,2.942030668258667,0,12.359225785105837,233100.68999613266
Middle Gorge,2.8893070220947266,0,12.2648707461356,212112.2184960408
Mitcham,2.9247071743011475,0,12.328223396872293,225984.8853130898
Mont Albert,2.910111665725708,0,12.30210305276438,220158.50710830573
Montmorency,2.897484540939331,0,12.279505358219584,215239.22397859587
Moonee Ponds,2.94480562210083,0,12.364191884701903,234261.17038416464
Moorabbin,2.9304232597351074,0,12.338452990292321,228308.48327751225
Mooroolbark,2.8861775398254395,0,12.259270177074859,210927.58976170307
Mordialloc,2.925208568572998,0,12.329120699686154,226187.75318991806
Moreland,2.940117597579956,0,12.355802124726178,232303.99698067745
Morradoo,2.0290870666503906,0,10.725408032070922,45497.28951523702
Mount Waverley,2.906332015991211,0,12.295338934120473,218674.35399835798
Murrumbeena,2.9347007274627686,0,12.346108011587367,230062.89604511016
Narre Warren,2.849337339401245,0,12.193340394148093,197469.69216361272
Newmarket,2.941282272338867,0,12.357886444386526,232788.69772893382
Newport,2.9132184982299805,0,12.307663087461204,221386.00535080122
Noble Park,2.9260106086730957,0,12.330556042846322,226512.64334302396
North Brighton,2.9139809608459473,0,12.309027602153895,221688.29600097242
North Melbourne,2.9609456062316895,0,12.39307624575142,241126.32511654095
North Richmond,2.948568105697632,0,12.370925282564738,235843.8665298263
North Williamstown,2.9111452102661133,0,12.303952699791527,220566.09947127648
Northcote,2.9466135501861572,0,12.367427380297485,235020.34886619213
Nunawading,2.925950765609741,0,12.330448946790078,226488.38603118696
Oak Park,2.9181876182556152,0,12.316555900227012,223363.5294890908
Oakleigh,2.9346845149993896,0,12.346078997516353,230056.221080741
Officer,2.757699489593506,0,12.029343904548867,167601.4141341079
Ormond,2.9363179206848145,0,12.349002165171019,230729.69784814384
Pakenham,2.6581058502197266,0,11.851109612954525,140239.8728527812
Parkdale,2.9152209758758545,0,12.311246751908955,222180.80179868563
Parliament,3.021577835083008,0,12.50158460456882,268762.8320827564
Pascoe Vale,2.9347152709960938,0,12.346134038915775,230068.88404558552
Patterson,2.921549081802368,0,12.322571626509763,224711.27310795034
Prahran,2.978088855743408,0,12.423756065783689,248638.68709034732
Preston,2.9338667392730713,0,12.344615493640202,229719.77916153363
Regent,2.917923927307129,0,12.316083994895518,223258.14791568235
Reservoir,2.9159035682678223,0,12.31246832963415,222452.37875954012
Richmond,2.9420764446258545,0,12.3593077071887,233119.78687239127
Ringwood,2.9176321029663086,0,12.315561741617266,223141.58105739832
Ringwood East,2.9023818969726562,0,12.288269741053401,217133.9538789743
Ripponlea,2.9471287727355957,0,12.36834943040721,235237.14933974223
Riversdale,2.8421239852905273,0,12.180431265934416,194936.91374277518
Rosanna,2.914738893508911,0,12.310384009973802,221989.19976722618
Roxburgh Park,2.9057812690734863,0,12.294353309061023,218458.92925664983
Royal Park,2.9313595294952393,0,12.340128552893383,228691.34910185036
Rushall,2.922206163406372,0,12.323747549740862,224975.6717400672
Ruthven,2.91104793548584,0,12.303778615365442,220527.7056904128
Sandown Park,2.909492015838623,0,12.300994117903123,219914.5009832255
Sandringham,2.9174444675445557,0,12.31522594641303,223066.66376375145
Seaford,2.858811140060425,0,12.210294851880656,200846.22648437312
Seaholme,2.8914883136749268,0,12.268774418719534,212941.8534060844
Seddon,2.927577018737793,0,12.333359314119296,227148.51056682933
Showgrounds,2.9289770126342773,0,12.335864764486862,227718.33341948083
Somerville,2.662858247756958,0,11.859614575859275,141437.6942621893
South Kensington,2.927494764328003,0,12.33321211037665,227115.07591685062
South Morang,2.912910223007202,0,12.307111393434422,221263.90169906063
South Yarra,2.9743239879608154,0,12.417018401145706,246969.07396352504
Southern Cross,3.0254557132720947,0,12.50852451434887,270634.5090121319
Southland,2.931828260421753,0,12.3409674008877,228883.2668650239
Spotswood,2.911066770553589,0,12.303812322889119,220535.1392585567
Springvale,2.908482313156128,0,12.299187138627467,219517.47885094388
St Albans,2.911813735961914,0,12.30514910354334,220830.14350034445
Stony Point,2.688410758972168,0,11.905343738520024,148055.68596799602
Strathmore,2.9217264652252197,0,12.322889074580857,224782.6185917955
Sunbury,2.7893142700195312,0,12.085922196381295,177357.40206590507
Sunshine,2.9076459407806396,0,12.297690353905155,219189.154219263
Surrey Hills,2.913071393966675,0,12.307399827434505,221327.7309361203
Syndal,2.90908145904541,0,12.300259379222442,219752.98063779957
Tecoma,2.829378604888916,0,12.157621939342222,190540.8601150212
Thomastown,2.8987276554107666,0,12.281730054782336,215718.59897459028
Thornbury,2.939357042312622,0,12.354441023453607,231988.0227999743
Toorak,2.9388091564178467,0,12.353460518524338,231760.6688791224
Tooronga,2.9385955333709717,0,12.353078215470976,231672.08300216525
Tottenham,2.9238193035125732,0,12.32663444980676,225626.0924196628
Tyabb,1.5176056623458862,0,9.810053132570248,18215.954912298464
Union,2.9151532649993896,0,12.31112557549472,222153.88035696678
Upfield,2.8925840854644775,0,12.270735428578071,213359.84418798017
Upper Ferntree Gully,2.8806657791137695,0,12.249406246285112,208857.24228330952
Upwey,2.8671376705169678,0,12.22519613741146,203861.50340965466
Victoria Park,2.942734718322754,0,12.360485763807372,233394.57700764856
Watergardens,2.90632700920105,0,12.29532997389266,218672.39463510746
Watsonia,2.9100964069366455,0,12.302075745403425,220152.49524256916
Wattle Glen,2.7407050132751465,0,11.998930331285903,162580.79078865977
Werribee,2.8365089893341064,0,12.170382583780711,192987.8637490745
West Footscray,2.931309938430786,0,12.340039803970281,228671.05389149737
West Richmond,2.9412221908569336,0,12.357778921652768,232763.6689973689
Westall,2.9066221714019775,0,12.29585820065612,218787.933759126
Westgarth,2.9271416664123535,0,12.332580200977066,226971.6051006444
Westona,2.890530586242676,0,12.267060455142131,212577.19142319143
Williams Landing,2.901890516281128,0,12.287390358695166,216943.0940422455
Williamstown,2.911219358444214,0,12.304085396498664,220595.36980837813
Williamstown Beach,2.9133834838867188,0,12.307958348301526,221451.3816198276
Willison,2.752363443374634,0,12.019794435087611,166008.5272653339
Windsor,2.9693665504455566,0,12.40814649557813,244787.67853657194
Yarraman,2.9069299697875977,0,12.296409041327873,218908.48425053802
Yarraville,2.925931215286255,0,12.330413959233855,226480.46189467076
(SA2)Airport West,-0.4947846233844757,0,6.2086488737866645,497.0292481625327
(SA2)Albert Park,-0.49729737639427185,0,6.204152012787623,494.7991945995003
(SA2)Altona Meadows,-0.4879703223705292,0,6.220843850509758,503.1276174325764
(SA2)Altona North,-0.5375122427940369,0,6.1321828763107185,460.4401483831943
(SA2)Ashwood - Chadstone,-0.5012218952178955,0,6.197128634218717,491.33620770932134
(SA2)Aspendale Gardens - Waterways,-0.5657858848571777,0,6.081583936502895,437.721969723707
(SA2)Avondale Heights,-0.5045682787895203,0,6.191139895288783,488.40251675719543
(SA2)Bacchus Marsh,0.11966255307197571,0,7.308272884983225,1492.5970749336573
(SA2)Balwyn,-0.5055400729179382,0,6.189400757738,487.55385578339474
(SA2)Balwyn North,-0.516912043094635,0,6.169049306970461,477.73171391933755
(SA2)Bayswater North,-0.578510046005249,0,6.05881258420953,427.8670789771292
(SA2)Beaumaris,-0.5543719530105591,0,6.102010482513059,446.75506102421247
(SA2)Bentleigh East - North,-0.5022929906845093,0,6.1952117854829725,490.3952926048136
(SA2)Bentleigh East - South,-0.5175091028213501,0,6.1679807998037415,477.22152677709494
(SA2)Berwick - South East,0.15381556749343872,0,7.369393638974101,1586.6713956016156
(SA2)Berwick - South West,0.08512601256370544,0,7.246465766874922,1403.1370612361893
(SA2)Blackburn South,-0.5055810809135437,0,6.189327369205436,487.51807623429283
(SA2)Box Hill North,-0.5054298639297485,0,6.189597989419268,487.6500263337075
(SA2)Braeside,-0.5937705636024475,0,6.031502129843147,416.3399565772533
(SA2)Braybrook,-0.49897298216819763,0,6.201153323212818,493.31766784262754
(SA2)Brighton East,-0.5130401849746704,0,6.175978443143261,481.0534772035941
(SA2)Brookfield,0.22334325313568115,0,7.493821442542265,1796.9057601695838
(SA2)Brunswick East,-0.4912623465061188,0,6.214952394053225,500.1721774537883
(SA2)Brunswick West,-0.49834969639778137,0,6.2022687649061785,493.8682419469804
(SA2)Bulleen,-0.5137573480606079,0,6.174694997178404,480.4364670936613
(SA2)Bundoora - East,-0.5260655879974365,0,6.1526679838098035,469.9695868637199
(SA2)Bundoora - North,-0.5230109095573425,0,6.158134682800242,472.54580441690445
(SA2)Bundoora - West,-0.5260400772094727,0,6.1527136383039,469.99104357724275
(SA2)Bunyip - Garfield,0.04616428166627884,0,7.17673926075007,1308.6341788726104
(SA2)Burnside,-0.31869229674339294,0,6.523786379468939,681.152611027921
(SA2)Burnside Heights,-0.29628148674964905,0,6.563893105846306,709.0266442343856
(SA2)Burwood (Vic.),-0.5002183318138123,0,6.198924626548362,492.2194366684513
(SA2)Burwood East,-0.500460147857666,0,6.198491868878862,492.00647101673906
(SA2)Cairnlea,-0.3996923267841339,0,6.3788274938994585,589.2364191715417
(SA2)Carlton,-0.43480023741722107,0,6.315997843126668,553.3539456296909
(SA2)Carlton North - Princes Hill,-0.49840840697288513,0,6.202163695568131,493.8163542636662
(SA2)Caroline Springs,-0.2625429332256317,0,6.624272134312196,753.1558167229555
(SA2)Carrum Downs,-0.15362554788589478,0,6.819192343478153,915.2455074860889
(SA2)Caulfield - South,-0.49093928933143616,0,6.215530542085931,500.46143462287205
(SA2)Chelsea Heights,-0.54273521900177,0,6.122835758660909,456.15641162989874
(SA2)Chirnside Park,-0.5557532906532288,0,6.099538419661035,445.65201839099274
(SA2)Clarinda - Oakleigh South,-0.5261671543121338,0,6.152486219188451,469.8841707827624
(SA2)Clayton (North) - Notting Hill,-0.5241506695747375,0,6.1560949509402025,471.58292003112757
(SA2)Clyde North - North,0.1838383972644806,0,7.4231229517047685,1674.253966159982
(SA2)Clyde North - South,0.2128908336162567,0,7.4751156336150535,1763.6056084884274
(SA2)Cobblebank - Strathtulloh,0.13033491373062134,0,7.327372303917943,1521.378793892897
(SA2)Coburg - East,-0.5093228220939636,0,6.182631092286398,484.26442602203196
(SA2)Collingwood,-0.4425906240940094,0,6.302056048657524,545.6927283041844
(SA2)Craigieburn - Central,-0.3304489850997925,0,6.5027464311964,666.9709096166666
(SA2)Craigieburn - North,-0.2692265212535858,0,6.612311083536654,744.200943366477
(SA2)Craigieburn - North West,-0.1941489279270172,0,6.746671086296951,851.2204015588752
(SA2)Craigieburn - West,-0.24949055910110474,0,6.647630861539528,770.9556595047171
(SA2)Cranbourne East - North,0.17575334012508392,0,7.4086538104945365,1650.2033644712792
(SA2)Cranbourne East - South,0.21102768182754517,0,7.47178130884008,1757.7349673658434
(SA2)Cranbourne North - East,0.1294807642698288,0,7.3258437050534235,1519.0549925285977
(SA2)Cranbourne North - West,0.054745662957429886,0,7.192096631210135,1328.8864716976552
(SA2)Cranbourne South,0.23768556118011475,0,7.519488655129341,1843.6243251405922
(SA2)Cranbourne West,0.08058676868677139,0,7.238342267002176,1391.7848497708057
(SA2)Croydon - West,-0.5614901185035706,0,6.08927170529721,441.1000433099861
(SA2)Croydon Hills - Warranwood,-0.572845995426178,0,6.068949055261927,432.2261969498532
(SA2)Croydon South,-0.5771533250808716,0,6.061240592608139,428.9072060460216
(SA2)Dandenong - South,-0.45116010308265686,0,6.286719978739023,537.3877917851416
(SA2)Dandenong North,-0.5702084302902222,0,6.073669281940026,434.27122527727664
(SA2)Deer Park,-0.3827902376651764,0,6.409075729625393,607.332082515587
(SA2)Delahey,-0.325748473405838,0,6.511158538406967,672.6052053393389
(SA2)Derrimut,-0.43849775195121765,0,6.309380714886648,549.704419616779
(SA2)Dingley Village,-0.5670909285545349,0,6.079248410455643,436.70085155016466
(SA2)Doncaster,-0.5022526979446411,0,6.195283893982992,490.43065554874926
(SA2)Doncaster East - North,-0.5323054790496826,0,6.141500979889514,464.75062894100535
(SA2)Doncaster East - South,-0.5196539163589478,0,6.164142408879588,475.3932750170573
(SA2)Donvale - Park Orchards,-0.5629252791404724,0,6.086703319996195,439.9685820786525
(SA2)Doreen - North,-0.3805978298187256,0,6.4129992960484605,609.7196711505453
(SA2)Doreen - South,-0.44023409485816956,0,6.3062733292149185,547.9989271633129
(SA2)Doveton,-0.5163940191268921,0,6.169976370540987,478.1748069437635
(SA2)Dromana,0.07957294583320618,0,7.236527914205717,1389.261950443369
(SA2)Elwood,-0.4823456108570099,0,6.230909919772195,508.2177105125259
(SA2)Emerald - Cockatoo,0.18303626775741577,0,7.421687448540535,1671.8522935105932
(SA2)Endeavour Hills - North,-0.5576450824737549,0,6.096152840249583,444.14577927764935
(SA2)Endeavour Hills - South,-0.49452587962150574,0,6.209111925559724,497.2594517311288
(SA2)Epping (Vic.) - West,-0.4717174470424652,0,6.249930243362586,517.9766910958488
(SA2)Epping - East,-0.4863143861293793,0,6.223807339189583,504.62084191544653
(SA2)Essendon (West) - Aberfeldie,-0.5019246935844421,0,6.195870895574133,490.7186236344941
(SA2)Essendon Airport,-0.5009874105453491,0,6.197548271554633,491.54243399366175
(SA2)Eynesbury - Exford,0.20795148611068726,0,7.4662761022039215,1748.0848604475948
(SA2)Fitzroy,-0.4589249789714813,0,6.272823838763974,529.9718218245295
(SA2)Flinders,-0.0027731508016586304,0,7.089160087389073,1198.9004060380844
(SA2)Forest Hill,-0.5191102623939514,0,6.165115340282967,475.85602513883634
(SA2)Frankston North,0.08712077140808105,0,7.250035617638128,1408.1550024668077
(SA2)Frankston South,0.2184302806854248,0,7.48502911233122,1781.176023220975
(SA2)Fraser Rise - Plumpton,-0.03169034421443939,0,7.0374094382991235,1138.4345982360744
(SA2)Gisborne,0.09432265162467957,0,7.2629242119964,1426.421603629868
(SA2)Gladstone Park - Westmeadows,-0.44976505637168884,0,6.289216575548155,538.7311085938674
(SA2)Glen Waverley - East,-0.5403886437416077,0,6.127035225432056,458.07605323740023
(SA2)Glenroy - East,-0.5050546526908875,0,6.190269473158362,487.9775853597312
(SA2)Gowanbrae,-0.48162272572517395,0,6.23220360599741,508.87561023017093
(SA2)Greenvale - Bulla,-0.2713194787502289,0,6.6085654949719945,741.4186866704167
(SA2)Hampton Park - East,-0.14914155006408691,0,6.827216974170491,922.6195621383384
(SA2)Hampton Park - West,-0.30841583013534546,0,6.5421773003901444,693.7955360042097
(SA2)Healesville - Yarra Glen,0.16483232378959656,0,7.389109393579109,1618.2642344379888
(SA2)Heidelberg West,-0.5225964188575745,0,6.158876461659917,472.8964589428277
(SA2)Hillside,-0.18207532167434692,0,6.768278195656188,869.8129561960009
(SA2)Hoppers Crossing - South,-0.2071431577205658,0,6.723416415048568,831.6539385473961
(SA2)Keilor,-0.45840486884117126,0,6.273754635762756,530.4653476562723
(SA2)Keilor Downs,-0.3910379707813263,0,6.394315461013267,598.4335318962953
(SA2)Keilor East,-0.4903095066547394,0,6.2166576107415725,501.0258070026598
(SA2)Kew - South,-0.49635568261146545,0,6.205837282302149,495.6337676406977
(SA2)Kew - West,-0.5146680474281311,0,6.173065195740818,479.6540887827537
(SA2)Kew East,-0.5153844356536865,0,6.171783136477885,479.03953784476425
(SA2)Keysborough - North,-0.5591712594032288,0,6.09342157080725,442.9343526021838
(SA2)Keysborough - South,-0.5800216197967529,0,6.056107448764985,426.71120467936765
(SA2)Kilsyth,-0.5705718994140625,0,6.0730188120685415,433.9888367817423
(SA2)Kinglake,0.11479717493057251,0,7.299565730271095,1479.6572177011185
(SA2)Kings Park (Vic.),-0.3352525234222412,0,6.4941499459647,661.2618780030167
(SA2)Kingsbury,-0.5344415903091431,0,6.137678162694655,462.9773638390602
(SA2)Knoxfield - Scoresby,-0.5740844011306763,0,6.066732785580093,431.26932786549594
(SA2)Koo Wee Rup,0.06163366138935089,0,7.204423497953189,1345.368857527848
(SA2)Kurunjang - Toolern Vale,0.20797806978225708,0,7.466323676746834,1748.1680267640866
(SA2)Lalor - East,-0.5109098553657532,0,6.179790913408383,482.8909797676464
(SA2)Langwarrin,0.22781983017921448,0,7.501832792896951,1811.3592203313237
(SA2)Lysterfield,-0.5524872541427612,0,6.105383368268442,448.2644588880095
(SA2)Macedon,-0.0045662522315979,0,7.085951125801451,1195.0593468894422
(SA2)Manor Lakes - Quandong,0.21016108989715576,0,7.470230442742752,1755.0110685439925
(SA2)Maribyrnong,-0.5018409490585327,0,6.196020766051246,490.7921733800765
(SA2)Meadow Heights,-0.4135439693927765,0,6.354038383638072,574.8093287539043
(SA2)Melbourne Airport,-0.35397565364837646,0,6.460642747379863,639.471943423314
(SA2)Melton,0.16976866126060486,0,7.397943538186616,1632.6235474361115
(SA2)Melton South - Weir Views,0.19232341647148132,0,7.438307871113611,1699.8713846833252
(SA2)Melton West,0.22938424348831177,0,7.504632490745738,1816.4375844692943
(SA2)Mernda - North,-0.39146050810813904,0,6.393559281787463,597.9811799425809
(SA2)Mickleham - Yuroke,-0.0640861764550209,0,6.9794333642615145,1074.3094523657655
(SA2)Mill Park - South,-0.5151708126068115,0,6.172165439531246,479.22271113438603
(SA2)Monbulk - Silvan,0.04370148107409477,0,7.1723317953572385,1302.8791109650444
(SA2)Montrose,-0.5290787816047668,0,6.147275526706961,467.44211678849973
(SA2)Moorabbin Airport,-0.5671722888946533,0,6.07910280675368,436.63727091842856
(SA2)Mornington - East,0.2627464532852173,0,7.564338008754339,1928.1919103002604
(SA2)Mornington - West,0.2770581841468811,0,7.589950499950128,1978.2155895521562
(SA2)Mount Dandenong - Olinda,-0.4168606400489807,0,6.348102819393434,571.4076165823523
(SA2)Mount Eliza,0.22931191325187683,0,7.504503047454652,1816.2024740273716
(SA2)Mount Evelyn,-0.39389681816101074,0,6.38919922426664,595.379623191521
(SA2)Mount Martha,0.19684812426567078,0,7.446405356991621,1713.6919496129483
(SA2)Mount Waverley - South,-0.5222978591918945,0,6.159410768577966,473.14919830654435
(SA2)Mulgrave,-0.5578498840332031,0,6.095786324264273,443.98302257802413
(SA2)Narre Warren - North East,-0.22015425562858582,0,6.7001315563660055,812.5127093561175
(SA2)Narre Warren North,-0.2343769669532776,0,6.674678375887346,792.0926568053325
(SA2)Narre Warren South - East,0.06063755974173546,0,7.202640859296393,1342.97268738208
(SA2)Narre Warren South - West,-0.02377411723136902,0,7.0515764384941075,1154.677586955087
(SA2)Niddrie - Essendon West,-0.4972931444644928,0,6.204159586313513,494.8029419882014
(SA2)Noble Park North,-0.5644975304603577,0,6.083889595124104,438.73237153009774
(SA2)Pakenham - North East,0.20544981956481934,0,7.461799081709323,1740.276141641112
(SA2)Pakenham - North West,0.2159329056739807,0,7.48055977203189,1773.2331044652863
(SA2)Panton Hill - St Andrews,-0.19771704077720642,0,6.740285537278149,845.8022094352756
(SA2)Pascoe Vale,-0.4912749230861664,0,6.214929886814313,500.16092008578
(SA2)Pascoe Vale South,-0.5054507255554199,0,6.189560655136714,487.6318206096876
(SA2)Pearcedale - Tooradin,0.2332557737827301,0,7.5115610402369555,1829.0665618976461
(SA2)Plenty - Yarrambat,-0.5283336639404297,0,6.148609000610441,468.0658544291327
(SA2)Point Cook - East,-0.47027745842933655,0,6.252507268883279,519.3132516836175
(SA2)Point Cook - North East,-0.3961695730686188,0,6.385131867521048,592.9629199936762
(SA2)Point Cook - North West,-0.3626028597354889,0,6.445203368168064,629.6747197358903
(SA2)Point Cook - South,-0.3800584673881531,0,6.413964547256571,610.3084879320696
(SA2)Point Nepean,-0.04668010026216507,0,7.010583542919285,1108.3010574712928
(SA2)Port Melbourne,-0.5165630578994751,0,6.169673856182914,478.0301740768566
(SA2)Port Melbourne Industrial,-0.5426615476608276,0,6.122967602013016,456.2165567850758
(SA2)Preston - West,-0.5133830904960632,0,6.175364774207439,480.75836018949826
(SA2)Research - North Warrandyte,-0.5673908591270447,0,6.078711650141883,436.4665107621112
(SA2)Reservoir - North West,-0.5209484696388245,0,6.161825656642992,474.29318139812295
(SA2)Reservoir - South East,-0.5206380486488342,0,6.162381190767408,474.55674064666744
(SA2)Riddells Creek,0.13461139798164368,0,7.335025565168239,1533.0669725553005
(SA2)Ringwood North,-0.5631738305091858,0,6.086258508686898,439.7729225966098
(SA2)Rockbank - Mount Cottrell,-0.0853438451886177,0,6.941390317019711,1034.2070915932734
(SA2)Romsey,0.03917491436004639,0,7.16423098272798,1292.3673657322468
(SA2)Rosebud - McCrae,0.011106781661510468,0,7.113999825604339,1229.0537281854592
(SA2)Rowville - Central,-0.5603399276733398,0,6.091330104298526,442.00893831198204
(SA2)Rowville - North,-0.5729929208755493,0,6.068686115243363,432.1125623258029
(SA2)Rowville - South,-0.5785875916481018,0,6.058673807347804,427.8077050466321
(SA2)Roxburgh Park - North,-0.37294989824295044,0,6.426686150702444,618.1221865025828
(SA2)Royal Botanic Gardens Victoria,-0.4613114297389984,0,6.268553010178457,527.7132294817881
(SA2)Seabrook,-0.43282464146614075,0,6.319533399684612,555.3138223870232
(SA2)Skye - Sandhurst,0.014085449278354645,0,7.119330494469554,1235.6229001122954
(SA2)South Melbourne,-0.4603101909160614,0,6.2703448424023325,528.6596507121479
(SA2)South Yarra - West,-0.4730031192302704,0,6.24762938486342,516.7862700441373
(SA2)Southbank (West) - South Wharf,-0.42210128903388977,0,6.3387240742728315,566.0735825580391
(SA2)Southbank - East,-0.4394579231739044,0,6.307662377864716,548.760653247998
(SA2)Springvale South,-0.5456116795539856,0,6.117688001112868,453.81426259864895
(SA2)St Kilda - Central,-0.4567507207393646,0,6.276714924361219,532.0380047878338
(SA2)St Kilda - West,-0.4739578664302826,0,6.245920754754954,515.9040273913138
(SA2)Strathmore,-0.496544748544693,0,6.205498927032823,495.466095711701
(SA2)Sunbury,0.13080669939517975,0,7.328216618717921,1522.663858948336
(SA2)Sunbury - West,0.20617368817329407,0,7.463094527979287,1742.5320367574818
(SA2)Sunshine North,-0.4920847713947296,0,6.213480569965534,499.43655348235575
(SA2)Sunshine West,-0.49990490078926086,0,6.199485547476404,492.49561030021124
(SA2)Sydenham,-0.2603055238723755,0,6.628276236116203,756.1775749639284
(SA2)Tarneit (West) - Mount Cottrell,0.006073318421840668,0,7.104991863244196,1218.032173863697
(SA2)Tarneit - Central,-0.18087279796600342,0,6.770430250372028,871.6868569154993
(SA2)Tarneit - North,-0.21178707480430603,0,6.715105590413102,824.7708501946115
(SA2)Tarneit - South,-0.11483634263277054,0,6.8886100950862765,981.0369211407849
(SA2)Taylors Hill,-0.2470126450061798,0,6.652065374286703,774.3820638060828
(SA2)Templestowe,-0.5545631647109985,0,6.101668287146099,446.60220966616896
(SA2)Templestowe Lower,-0.5270914435386658,0,6.150832097132514,469.1075674875279
(SA2)The Basin,-0.562595784664154,0,6.087292988321804,440.22809412126355
(SA2)Truganina - North,-0.386765718460083,0,6.401961148737674,603.0265036447644
(SA2)Truganina - South East,-0.3968241810798645,0,6.383960371069167,592.2686727702848
(SA2)Truganina - South West,-0.3332676887512207,0,6.497702036276346,663.6149165419395
(SA2)Tullamarine,-0.45621922612190247,0,6.2776660952113374,532.5443045797732
(SA2)Vermont,-0.5381697416305542,0,6.131006206393968,459.8986809388281
(SA2)Vermont South,-0.5269302725791931,0,6.1511205311325945,469.2428935750705
(SA2)Wallan,0.16024455428123474,0,7.380899051498406,1605.0321258960487
(SA2)Wandin - Seville,0.07405427098274231,0,7.226651609768037,1375.6087092399443
(SA2)Wantirna,-0.5582917928695679,0,6.094995477490382,443.6320388424269
(SA2)Wantirna South,-0.5627533197402954,0,6.087011061153825,440.1039993550881
(SA2)Warrandyte - Wonga Park,-0.5810646414756775,0,6.054240841306621,425.9154452784123
(SA2)Werribee - East,-0.11254226416349411,0,6.892715612802109,985.0728647504992
(SA2)Werribee - West,0.18840140104293823,0,7.431288972658611,1687.9819342812461
(SA2)West Melbourne - Residential,-0.41723528504371643,0,6.347432349013438,571.0246331044157
(SA2)Wheelers Hill,-0.5566995143890381,0,6.0978450432737255,444.89800038441706
(SA2)Whittlesea,0.026351135224103928,0,7.141281352568579,1263.0457595943801
(SA2)Wollert,-0.3991130292415619,0,6.379864213591317,589.8476089319453
(SA2)Wyndham Vale - North,0.1418347954750061,0,7.347952667172232,1553.0137348293013
(SA2)Wyndham Vale - South,0.04670446366071701,0,7.177705978662138,1309.8998706585617
(SA2)Yarra Valley,0.011608123779296875,0,7.114897035082494,1230.1569416723416
Aircraft,2.893712043762207,1,12.272754039901123,213790.9697764444
Alamein,2.9190752506256104,1,12.318144420615031,223718.6289763403
Albion,2.9105544090270996,1,12.302895392909573,220333.01665812454
Alphington,2.9266271591186523,1,12.331659430899883,226762.712624027
Altona,2.907888412475586,1,12.29812428493782,219284.2878345236
Anstey,2.951012134552002,1,12.375299153770104,236877.67645420413
Armadale,2.94474720954895,1,12.36408734871075,234236.68294046196
Ascot Vale,2.942256212234497,1,12.359629422034944,233194.7970340757
Ashburton,2.9246561527252197,1,12.328132087884104,225964.25180389258
Aspendale,2.893333911895752,1,12.272077329362471,213646.3441145019
Auburn,2.9406750202178955,1,12.356799696756044,232535.8525775929
Balaclava,2.9692165851593018,1,12.40787811542125,244721.9911959876
Batman,2.9245450496673584,1,12.327933256162154,225919.32740895284
Baxter,-0.47523048520088196,1,6.2436432568497295,514.7303940306962
Bayswater,2.915377140045166,1,12.311526225681224,222242.90418307955
Beaconsfield,2.75968861579895,1,12.032903675055781,168199.09988596122
Belgrave,2.8569486141204834,1,12.20696164713416,200177.87937660748
Bell,2.9433043003082275,1,12.361505096390498,233632.60499895114
Bentleigh,2.938908815383911,1,12.353638869725572,231802.00735908985
Berwick,2.7882919311523438,1,12.08409260319735,177033.2068350899
Bittern,2.6598775386810303,1,11.85428025356784,140685.22874790308
Blackburn,2.924330234527588,1,12.327548819721217,225832.49247911
Bonbeach,2.8799214363098145,1,12.248074159083554,208579.2114456843
Boronia,2.916116952896118,1,12.312850206009996,222537.3442898709
Box Hill,2.94453763961792,1,12.363712299175141,234148.8490533613
Brighton Beach,2.9210150241851807,1,12.321615868876359,224496.60619447706
Broadmeadows,2.9247968196868896,1,12.328383827617902,226021.1431450947
Brunswick,2.9532196521759033,1,12.379249760880679,237815.33803386264
Burnley,2.9508070945739746,1,12.37493221110728,236790.7718743166
Burwood,2.9241795539855957,1,12.327279159531791,225771.60265655903
Camberwell,2.9468352794647217,1,12.367824190386354,235113.62581710544
Canterbury,2.9214587211608887,1,12.322409915731612,224674.93781110045
Cardinia Road,2.685152053833008,1,11.8995119102462,147194.76344862493
Carnegie,2.956493854522705,1,12.385109323192975,239212.92244358495
Carrum,2.871995449066162,1,12.233889691777803,205641.51055645145
Caulfield,2.9498729705810547,1,12.373260488603854,236395.25410246188
Chatham,2.919287919998169,1,12.318525016958333,223803.79167373476
Chelsea,2.8885488510131836,1,12.263513911638178,211824.61248166524
Cheltenham,2.923171043395996,1,12.325474313643713,225364.48720869445
Clayton,2.9386322498321533,1,12.353143923808274,231687.30628968053
Clifton Hill,2.94113826751709,1,12.35762873116752,232728.71273408874
Coburg,2.9357621669769287,1,12.348007579883756,230500.33156640158
Collingwood,2.9956157207489014,1,12.455122409937452,256561.1739110315
Coolaroo,2.9073140621185303,1,12.297096418804397,219059.00873967682
Craigieburn,2.893796920776367,1,12.272905937096432,213823.44649163436
Cranbourne,2.757132053375244,1,12.028328412063376,167431.3025456355
Crib Point,2.6428229808807373,1,11.82375915757112,136456.2265513181
Croxton,2.9515366554260254,1,12.376237844302914,237100.1356803755
Croydon,2.916992664337158,1,12.31441739252227,222886.3752411817
Dandenong,2.892496347427368,1,12.270578411252584,213326.3456258757
Darebin,2.918196201324463,1,12.316571260617547,223366.96046648544
Darling,2.9299142360687256,1,12.337542033797984,228100.59888315378
Dennis,2.9354238510131836,1,12.347402124490095,230360.81613686067
Diamond Creek,2.9047505855560303,1,12.292508782164058,218056.34728653112
Diggers Rest,2.832641363143921,1,12.1634610211338,191656.69834685928
Eaglemont,2.9109842777252197,1,12.30366469246896,220502.58396642303
East Camberwell,2.923152208328247,1,12.325440606120035,225356.8908579333
East Malvern,2.9302268028259277,1,12.338101408020034,228228.22817114205
East Richmond,2.9560470581054688,1,12.384309729530028,239021.72575672044
Edithvale,2.8918185234069824,1,12.269365367077688,213067.72823383517
Elsternwick,2.9446678161621094,1,12.363945265098284,234203.40411062175
Eltham,2.9185893535614014,1,12.317274851839638,223524.1748000018
Epping,2.9046428203582764,1,12.292315923927317,218014.2973788492
Essendon,2.9387238025665283,1,12.353307767974,231725.2700130713
Fairfield,2.934582233428955,1,12.345895952862454,230014.11437319758
Fawkner,2.9139087200164795,1,12.308898318866877,221659.63726195987
Ferntree Gully,2.898406505584717,1,12.28115532016975,215594.6536504267
Flagstaff,3.0517454147338867,1,12.555572963885728,283671.7287430249
Flemington Bridge,2.9490232467651367,1,12.371739809940706,236036.04607269334
Flemington Racecourse,2.9230732917785645,1,12.325299375862599,225325.06589359939
Flinders Street,3.0533180236816406,1,12.558387328774092,284471.2089830789
Footscray,2.9497783184051514,1,12.373091097630432,236355.21427154582
Frankston,2.7838962078094482,1,12.076225949854908,175646.01141335457
Gardenvale,2.9282240867614746,1,12.334517316894768,227411.70153103274
Gardiner,2.9332103729248047,1,12.343440850441649,229450.09880547493
Ginifer,2.9181294441223145,1,12.316451790913373,223340.27647579226
Glen Iris,2.929885149002075,1,12.337489979141164,228088.72549379384
Glen Waverley,2.927563428878784,1,12.333334993500944,227142.98624177257
Glenbervie,2.9313197135925293,1,12.340057297748391,228675.0542471648
Glenferrie,2.9461305141448975,1,12.366562931652272,234817.27363071928
Glenhuntly,2.9447996616363525,1,12.364181217764031,234258.6715481419
Glenroy,2.9236598014831543,1,12.326349002549282,225561.69726151423
Gowrie,2.9146597385406494,1,12.310242353038852,221957.75568478386
Greensborough,2.9263856410980225,1,12.331227206577278,226664.7214427825
Hallam,2.859652280807495,1,12.211800170153268,201148.79165038772
Hampton,2.9285120964050293,1,12.335032743332782,227528.94574710424
Hartwell,2.9201602935791016,1,12.320086229985398,224153.4699589243
Hastings,2.653656482696533,1,11.843146957171228,139127.6251178204
Hawksburn,2.9803483486175537,1,12.427799688592515,249646.12363060247
Hawkstowe,2.8906476497650146,1,12.267269953801954,212621.7307252026
Hawthorn,2.9470345973968506,1,12.368180892788821,235197.50637159537
Heatherdale,2.9137511253356934,1,12.308616285029519,221597.13055879247
Heathmont,2.9082539081573486,1,12.298778381568182,219427.76786807503
Heidelberg,2.9244823455810547,1,12.327821039975731,225893.97702597998
Heyington,2.935100793838501,1,12.34682397645739,230227.6719764247
Highett,2.9305546283721924,1,12.338688089603039,228362.1647545537
Holmesglen,2.939096450805664,1,12.353974664929808,231879.85843177032
Hoppers Crossing,2.877373456954956,1,12.243514256481685,207630.27572818592
Hughesdale,2.937776803970337,1,12.351613004884769,231332.88317389533
Huntingdale,2.923510789871216,1,12.326082329102462,225501.55396590134
Hurstbridge,2.8756256103515625,1,12.240386283619861,206981.82855171236
Ivanhoe,2.9356722831726074,1,12.347846722460634,230463.25685898794
Jacana,2.9141499996185303,1,12.309330116511969,221755.3700384478
Jewell,2.9570882320404053,1,12.38617303023765,239467.51029380556
Jolimont,2.9549314975738525,1,12.382313305437751,238545.01304355165
Jordanville,2.9180333614349365,1,12.316279839874863,223301.8761848907
Kananook,2.8129141330718994,1,12.12815687019491,185008.46692862082
Keilor Plains,2.912709951400757,1,12.306752984321896,221184.61291017974
Kensington,2.9510552883148193,1,12.375376382400304,236895.97089910007
Keon Park,2.9137778282165527,1,12.308664072911188,221607.7204692786
Kooyong,2.9367306232452393,1,12.349740743949331,230900.172853362
Laburnum,2.923433303833008,1,12.325943658910116,225470.2857900707
Lalor,2.9105918407440186,1,12.302962381279414,220347.77690210953
Laverton,2.8969218730926514,1,12.278498399284391,215022.596004848
Leawarra,1.6954659223556519,1,10.128354558694976,25043.12352116256
Lilydale,2.873457670211792,1,12.236506504976761,206180.34067693562
Lynbrook,2.836829423904419,1,12.170956038360753,193098.56526154495
Macaulay,2.95255446434021,1,12.378059330614075,237532.4038976968
Macleod,2.9167256355285645,1,12.313939513705566,222779.88800994476
Malvern,2.9531424045562744,1,12.37911151736585,237782.46387802428
Mckinnon,2.9409306049346924,1,12.35725709505203,232642.238408812
Melbourne Central,3.0508878231048584,1,12.554038204864588,283236.69491972943
Mentone,2.923921585083008,1,12.326817494460657,225667.39584973088
Merinda Park,2.8053226470947266,1,12.11457103144258,182511.9686398602
Merlynston,2.9168756008148193,1,12.314207893862449,222839.68573514157
Mernda,2.899628162384033,1,12.283341615756163,216066.5229250561
Merri,2.938758611679077,1,12.353370062891177,231739.70576920698
Middle Brighton,2.922313928604126,1,12.323940407977602,225019.06433560373
Middle Footscray,2.9521665573120117,1,12.377365126297311,237367.56510006211
Middle Gorge,2.9019553661346436,1,12.287506414979223,216968.2731126582
Mitcham,2.9339041709899902,1,12.344682482010043,229735.1682304986
Mont Albert,2.9221253395080566,1,12.323602906063307,224943.1327848802
Montmorency,2.908176898956299,1,12.298640564730864,219397.52911084043
Moonee Ponds,2.9528636932373047,1,12.378612731350916,237663.89088417933
Moorabbin,2.9379987716674805,1,12.35201024165115,231424.79535460527
Mooroolbark,2.8936753273010254,1,12.272688331563828,213776.92238881183
Mordialloc,2.9222559928894043,1,12.32383672534148,224995.7349752812
Moreland,2.94903826713562,1,12.371766690624145,236042.39096820523
Morradoo,2.0583550930023193,1,10.777786537124067,47943.88469414963
Mount Waverley,2.914886236190796,1,12.310647696678018,222047.74308589243
Murrumbeena,2.943382978439331,1,12.36164589997042,233665.50362218881
Narre Warren,2.8370444774627686,1,12.171340901479205,193172.8960802179
Newmarket,2.949681282043457,1,12.372917439881864,236314.17292085037
Newport,2.921065330505371,1,12.321705897832004,224516.8182993023
Noble Park,2.931272268295288,1,12.339972388922924,228655.63854118902
North Brighton,2.922412157058716,1,12.324116199113746,225058.62416960948
North Melbourne,2.9687247276306152,1,12.406997879707985,244506.67293882815
North Richmond,2.957179069519043,1,12.386335594370832,239506.4422864289
North Williamstown,2.920818328857422,1,12.321263859926557,224417.59528698554
Northcote,2.9557483196258545,1,12.383775102603842,238893.97245940677
Nunawading,2.934648036956787,1,12.346013715856571,230041.20311898994
Oak Park,2.9266905784606934,1,12.331772927118852,226788.45079507784
Oakleigh,2.94254994392395,1,12.360155088733315,233317.41199758791
Officer,2.722050905227661,1,11.965546655841635,157242.8423440195
Ormond,2.9448015689849854,1,12.364184631184148,234259.4711727687
Pakenham,2.6581013202667236,1,11.851101506081744,140238.7359505814
Parkdale,2.9177744388580322,1,12.315816468093669,223198.4283660299
Parliament,3.02955961227417,1,12.51586891441306,272629.47406081314
Pascoe Vale,2.9432101249694824,1,12.36133655877211,233593.23243409887
Patterson,2.9321558475494385,1,12.341553655793192,229017.4901436917
Prahran,2.9864139556884766,1,12.438654791249403,252370.8196028205
Preston,2.94221568107605,1,12.359556886857408,233177.8828215176
Regent,2.9271490573883057,1,12.332593427980028,226974.60727459207
Reservoir,2.924355983734131,1,12.327594900892827,225842.8993447293
Richmond,2.9497954845428467,1,12.373121818411507,236362.47539987246
Ringwood,2.9254283905029297,1,12.329514096354904,226276.75220334498
Ringwood East,2.91351318359375,1,12.308190460869636,221502.7892346728
Ripponlea,2.9560041427612305,1,12.384232927577344,239003.36912637
Riversdale,2.9234142303466797,1,12.325909524708923,225462.5896733235
Rosanna,2.923813819885254,1,12.326624636223917,225623.87823017803
Roxburgh Park,2.913365125656128,1,12.307925494132876,221444.10613830376
Royal Park,2.9400224685668945,1,12.355631880397729,232264.4519089729
Rushall,2.9317920207977295,1,12.340902545905433,228868.4231261603
Ruthven,2.9202754497528076,1,12.3202923152251,224199.66944086296
Sandown Park,2.916844606399536,1,12.314152425785508,222827.32558910776
Sandringham,2.9248170852661133,1,12.328420095206669,226029.3405356158
Seaford,2.839402914047241,1,12.175561595456719,193989.94279848112
Seaholme,2.9024882316589355,1,12.288460039225052,217175.27800522893
Seddon,2.9364161491394043,1,12.349177956307162,230770.26164914455
Showgrounds,2.9368932247161865,1,12.3500317380145,230967.37321028725
Somerville,2.6714107990264893,1,11.874920351674218,143619.15982688073
South Kensington,2.9372334480285645,1,12.350640606828282,231108.04486178097
South Morang,2.9207754135131836,1,12.321187057973871,224400.36023930163
South Yarra,2.982217788696289,1,12.431145266986944,250482.7329988475
Southern Cross,3.033041477203369,1,12.522100112840842,274333.5862275633
Southland,2.9385390281677246,1,12.352977092899943,231648.65690996873
Spotswood,2.918372869491577,1,12.316887428656099,223437.59312555965
Springvale,2.9150898456573486,1,12.311012079275752,222128.66816228846
St Albans,2.9190163612365723,1,12.318039031268846,223695.05265867122
Stony Point,2.6334354877471924,1,11.806959157098955,134182.91119845552
Strathmore,2.9320192337036133,1,12.341309169577144,228961.50536814966
Sunbury,2.788625717163086,1,12.084689951718229,177138.9889505889
Sunshine,2.915288209915161,1,12.31136707496816,222207.53688084587
Surrey Hills,2.9237780570983887,1,12.32656063459668,225609.4383969191
Syndal,2.9177019596099854,1,12.315686758129134,223169.4791833417
Tecoma,2.861236095428467,1,12.214634588884831,201719.74032483497
Thomastown,2.906808376312256,1,12.296191435795267,218860.85373575034
Thornbury,2.948164939880371,1,12.37020377088702,235673.76379893968
Toorak,2.948853015899658,1,12.371435162195057,235964.14917553528
Tooronga,2.9483518600463867,1,12.37053828605871,235752.61343596454
Tottenham,2.932758092880249,1,12.34263144319586,229264.45537365932
Tyabb,0.4607965648174286,1,7.9187715002009575,2748.3925712058704
Union,2.9244625568389893,1,12.327785625741994,225885.9773055305
Upfield,2.9010157585144043,1,12.285824878892953,216603.73970577784
Upper Ferntree Gully,2.888428211212158,1,12.263298012815632,211778.88473370526
Upwey,2.8753602504730225,1,12.239911391545764,206883.5578576848
Victoria Park,2.9510481357574463,1,12.375363582074858,236892.93857298297
Watergardens,2.9130969047546387,1,12.3074454819286,221337.83577236912
Watsonia,2.9187614917755127,1,12.317582913005406,223593.04452536732
Wattle Glen,2.856689453125,1,12.20649784867545,200085.05871138963
Werribee,2.839982509613037,1,12.17659884849547,194191.26384852143
West Footscray,2.940213918685913,1,12.355974502442203,232344.04446464815
West Richmond,2.951124429702759,1,12.375500118879629,236925.2853861035
Westall,2.9136548042297363,1,12.308443907313496,221558.93544363743
Westgarth,2.9364004135131836,1,12.349149795591178,230763.76308485103
Westona,2.900620937347412,1,12.285118300928257,216450.74633346905
Williams Landing,2.9089226722717285,1,12.299975211997511,219690.5429149187
Williamstown,2.9185879230499268,1,12.31727229177455,223523.60256429808
Williamstown Beach,2.9221365451812744,1,12.323622959906508,224947.64380442572
Willison,2.9119036197662354,1,12.305309960966461,220865.66852533096
Windsor,2.977708101272583,1,12.423074661792374,248469.32140634832
Yarraman,2.910271167755127,1,12.302388500021856,220221.3597204958
Yarraville,2.9337735176086426,1,12.344448662731871,229681.45799878068
(SA2)Airport West,-0.5089315176010132,1,6.1833313767577485,484.60366764856064
(SA2)Albert Park,-0.5190854072570801,1,6.165159821413897,475.8771922237587
(SA2)Altona Meadows,-0.5105889439582825,1,6.180365221343456,483.1683875402196
(SA2)Altona North,-0.5563960671424866,1,6.09838809708083,445.1396695510405
(SA2)Ashwood - Chadstone,-0.5310920476913452,1,6.143672555101661,465.76096650160395
(SA2)Aspendale Gardens - Waterways,-0.5846138596534729,1,6.047889106480876,423.2187168303297
(SA2)Avondale Heights,-0.5204224586486816,1,6.162767013910268,474.7398709454912
(SA2)Bacchus Marsh,0.061940789222717285,1,7.204973138594431,1346.1085301878622
(SA2)Balwyn,-0.5361740589141846,1,6.134577710532543,461.54414762758927
(SA2)Balwyn North,-0.5457068681716919,1,6.1175176501150395,453.73696147053545
(SA2)Bayswater North,-0.6069625020027161,1,6.007893636265522,406.62591550583534
(SA2)Beaumaris,-0.5742732286453247,1,6.066394856988282,431.12361425062386
(SA2)Bentleigh East - North,-0.5279773473739624,1,6.149246670156478,468.3644209533147
(SA2)Bentleigh East - South,-0.5415920615196228,1,6.1248815706755355,457.0905771350501
(SA2)Berwick - South East,0.15683047473430634,1,7.374789162821582,1595.2554558809834
(SA2)Berwick - South West,0.09136993438005447,1,7.2576399843119495,1418.9039470996397
(SA2)Blackburn South,-0.5339460372924805,1,6.1385650119094,463.3881370706618
(SA2)Box Hill North,-0.5349184274673462,1,6.13682480766483,462.5824483024779
(SA2)Braeside,-0.6121639013290405,1,5.998585132930812,402.8583989894134
(SA2)Braybrook,-0.5159997344017029,1,6.170681988481274,478.51233473496393
(SA2)Brighton East,-0.5372124314308167,1,6.132719423285721,460.6872624402005
(SA2)Brookfield,0.21680307388305664,1,7.482117038291942,1775.9966517810878
(SA2)Brunswick East,-0.5126368999481201,1,6.176700168159735,481.4007908497513
(SA2)Brunswick West,-0.5160506963729858,1,6.170590786162461,478.46869529049513
(SA2)Bulleen,-0.5400874018669128,1,6.1275743324721486,458.3230718413497
(SA2)Bundoora - East,-0.5513871908187866,1,6.107352058322249,449.1478219183962
(SA2)Bundoora - North,-0.5497534871101379,1,6.110275759323808,450.46291739137354
(SA2)Bundoora - West,-0.5517570376396179,1,6.106690174827241,448.8506367500781
(SA2)Bunyip - Garfield,-0.010352596640586853,1,7.075595795851248,1182.7479672566205
(SA2)Burnside,-0.3221159875392914,1,6.517659290354795,676.9918878571885
(SA2)Burnside Heights,-0.2956227958202362,1,6.565071909150631,709.8629400027294
(SA2)Burwood (Vic.),-0.530781090259552,1,6.144229049250486,466.0202318873571
(SA2)Burwood East,-0.5281887054443359,1,6.148868420539508,468.18729579136124
(SA2)Cairnlea,-0.40949547290802,1,6.3612836345147326,578.9890899720554
(SA2)Carlton,-0.4560568034648895,1,6.277956769268371,532.6991238932245
(SA2)Carlton North - Princes Hill,-0.5204994082450867,1,6.16262930374233,474.67449893943456
(SA2)Caroline Springs,-0.25912901759147644,1,6.630381729648228,757.7713792405839
(SA2)Carrum Downs,-0.13469308614730835,1,6.8530741649210825,946.787016886908
(SA2)Caulfield - South,-0.5177450776100159,1,6.167558495733356,477.02003673188915
(SA2)Chelsea Heights,-0.558667004108429,1,6.094323993751289,443.33424713453763
(SA2)Chirnside Park,-0.5958156585693359,1,6.027842196789606,414.8189652696669
(SA2)Clarinda - Oakleigh South,-0.5496608018875122,1,6.11044163020773,450.537642270825
(SA2)Clayton (North) - Notting Hill,-0.5492241978645325,1,6.111222983406914,450.88980886429636
(SA2)Clyde North - North,0.18999382853507996,1,7.434138805115401,1692.7992610107262
(SA2)Clyde North - South,0.21899598836898804,1,7.4860415114047285,1782.9801972946207
(SA2)Cobblebank - Strathtulloh,0.1342317909002304,1,7.334346214562464,1532.0258362671266
(SA2)Coburg - East,-0.5280320048332214,1,6.149148854336184,468.31860974385
(SA2)Collingwood,-0.4654633104801178,1,6.261122741264392,523.8067094971026
(SA2)Craigieburn - Central,-0.33837980031967163,1,6.4885533236709705,657.5713818240476
(SA2)Craigieburn - North,-0.2770017087459564,1,6.598396489759084,733.9174011279918
(SA2)Craigieburn - North West,-0.19788125157356262,1,6.739991663139753,845.5536865587356
(SA2)Craigieburn - West,-0.254046767950058,1,6.6394770008948605,764.6949536425784
(SA2)Cranbourne East - North,0.1794709861278534,1,7.415306966317223,1661.21902842509
(SA2)Cranbourne East - South,0.21552333235740662,1,7.47982679339596,1771.9338387083792
(SA2)Cranbourne North - East,0.1359405219554901,1,7.337404185644497,1536.7178974086414
(SA2)Cranbourne North - West,0.057384200394153595,1,7.196818597932474,1335.176267811803
(SA2)Cranbourne South,0.22890320420265198,1,7.503771615524713,1814.8745312557091
(SA2)Cranbourne West,0.09066388010978699,1,7.256376418852553,1417.1122013143179
(SA2)Croydon - West,-0.5908365845680237,1,6.03675282334166,418.5317793395178
(SA2)Croydon Hills - Warranwood,-0.6023491621017456,1,6.016149739509701,409.9969577339396
(SA2)Croydon South,-0.6045509576797485,1,6.012209372659484,408.3845980435225
(SA2)Dandenong - South,-0.46566084027290344,1,6.260769238943287,523.621575334091
(SA2)Dandenong North,-0.5941504240036011,1,6.030822325892512,416.05702321047124
(SA2)Deer Park,-0.3910221457481384,1,6.394343781733319,598.4504802048148
(SA2)Delahey,-0.329398512840271,1,6.504626372327103,668.2259549987257
(SA2)Derrimut,-0.45115527510643005,1,6.2867286189587,537.3924349537737
(SA2)Dingley Village,-0.5873596668243408,1,6.042975168211008,421.14414750847874
(SA2)Doncaster,-0.5298730134963989,1,6.145854157235409,466.77818079493346
(SA2)Doncaster East - North,-0.5572273135185242,1,6.096900485925088,444.47796711274583
(SA2)Doncaster East - South,-0.5458501577377319,1,6.1172612169285765,453.6206231728272
(SA2)Donvale - Park Orchards,-0.5872758030891418,1,6.0431252520268774,421.2073591725731
(SA2)Doreen - North,-0.40530359745025635,1,6.368785478581924,583.3489087352099
(SA2)Doreen - South,-0.47210684418678284,1,6.249233372311355,517.6158538777203
(SA2)Doveton,-0.5448477864265442,1,6.119055075870648,454.43508488031557
(SA2)Dromana,0.014004401862621307,1,7.119185450781829,1235.4436938069111
(SA2)Elwood,-0.5065751075744629,1,6.187548443976386,486.6515889653989
(SA2)Emerald - Cockatoo,0.1514248251914978,1,7.365115130193315,1579.8973099294874
(SA2)Endeavour Hills - North,-0.5899279117584229,1,6.03837899802037,419.2129388133523
(SA2)Endeavour Hills - South,-0.5237922072410583,1,6.156736460583874,471.88554207922095
(SA2)Epping (Vic.) - West,-0.491337388753891,1,6.214818097305407,500.10501046726193
(SA2)Epping - East,-0.5100632309913635,1,6.181306045263837,483.62317782203115
(SA2)Essendon (West) - Aberfeldie,-0.5185596942901611,1,6.1661006453342795,476.32511954669707
(SA2)Essendon Airport,-0.5160351395606995,1,6.17061862687031,478.4820163830888
(SA2)Eynesbury - Exford,0.2106837034225464,1,7.47116571985544,1756.6532580603434
(SA2)Fitzroy,-0.4807218015193939,1,6.233815913656885,509.69673605011087
(SA2)Flinders,-0.07505328208208084,1,6.9598064652489855,1053.4296622651764
(SA2)Forest Hill,-0.5453939437866211,1,6.118077664353362,453.9911317922691
(SA2)Frankston North,0.10135512053966522,1,7.275509625312983,1444.487151817108
(SA2)Frankston South,0.22256481647491455,1,7.492428340456075,1794.404229854523
(SA2)Fraser Rise - Plumpton,-0.02396528422832489,1,7.051234323129182,1154.2826215767693
(SA2)Gisborne,0.03329748660326004,1,7.153712648633408,1278.845054769014
(SA2)Gladstone Park - Westmeadows,-0.46168461441993713,1,6.2678851531982405,527.3609101804739
(SA2)Glen Waverley - East,-0.5648592114448547,1,6.083242325333981,438.4484852054897
(SA2)Glenroy - East,-0.5205673575401306,1,6.16250770065058,474.6167805622264
(SA2)Gowanbrae,-0.4946877658367157,1,6.208822211527099,497.11540955663384
(SA2)Greenvale - Bulla,-0.27103081345558167,1,6.609082094773175,741.801802366768
(SA2)Hampton Park - East,-0.14726561307907104,1,6.830574179527201,925.7221906409701
(SA2)Hampton Park - West,-0.31801608204841614,1,6.52499654357061,681.9774164398358
(SA2)Healesville - Yarra Glen,0.13322097063064575,1,7.332537235235958,1529.2569383962295
(SA2)Heidelberg West,-0.5469462275505066,1,6.115299673723145,452.7316988383658
(SA2)Hillside,-0.17634856700897217,1,6.778526882895008,878.7732342551575
(SA2)Hoppers Crossing - South,-0.2048763930797577,1,6.727473051521598,835.0345084831257
(SA2)Keilor,-0.47064730525016785,1,6.251845385388271,518.9696405414055
(SA2)Keilor Downs,-0.40079858899116516,1,6.376847710230264,588.071012538736
(SA2)Keilor East,-0.5041752457618713,1,6.1918432731721165,488.7461691302178
(SA2)Kew - South,-0.5255048274993896,1,6.153671529324878,470.44145946805435
(SA2)Kew - West,-0.5410969257354736,1,6.12576767320463,457.49578575315184
(SA2)Kew East,-0.542986273765564,1,6.122386467237706,455.95151050012146
(SA2)Keysborough - North,-0.5807227492332458,1,6.054852696863006,426.1761237508095
(SA2)Keysborough - South,-0.5999204516410828,1,6.020496196684736,411.78287033737456
(SA2)Kilsyth,-0.604806125164032,1,6.011752721049149,408.1981511330707
(SA2)Kinglake,0.07239067554473877,1,7.223674414073046,1371.5193433546308
(SA2)Kings Park (Vic.),-0.33910802006721497,1,6.48725009053636,656.7149711834567
(SA2)Kingsbury,-0.5565392374992371,1,6.098131877233126,445.0256305428534
(SA2)Knoxfield - Scoresby,-0.5975958704948425,1,6.024656302455133,413.4994988347423
(SA2)Koo Wee Rup,0.0006678774952888489,1,7.095318203958755,1206.3061538193372
(SA2)Kurunjang - Toolern Vale,0.2137565314769745,1,7.4766648996717,1766.340020413827
(SA2)Lalor - East,-0.532114565372467,1,6.14184264190958,464.9094437086585
(SA2)Langwarrin,0.23156017065048218,1,7.508526563085588,1823.5247137654717
(SA2)Lysterfield,-0.585891604423523,1,6.045602435009081,422.2520602983911
(SA2)Macedon,-0.06860802322626114,1,6.971340998513684,1065.6508289763162
(SA2)Manor Lakes - Quandong,0.19838392734527588,1,7.449153853538618,1718.4085047676926
(SA2)Maribyrnong,-0.5196447372436523,1,6.164158835963913,475.40108440661606
(SA2)Meadow Heights,-0.4258248507976532,1,6.332060331514307,562.3139543314878
(SA2)Melbourne Airport,-0.3598340153694153,1,6.450158534152812,632.8026056855246
(SA2)Melton,0.17616026103496552,1,7.409382042343114,1651.4055327934184
(SA2)Melton South - Weir Views,0.2003249228000641,1,7.452627488522211,1724.388007959233
(SA2)Melton West,0.2114550769329071,1,7.47254618162025,1759.079925292419
(SA2)Mernda - North,-0.4119734466075897,1,6.356849015098179,576.4271784614693
(SA2)Mickleham - Yuroke,-0.06732990592718124,1,6.973628336669096,1068.0911226021897
(SA2)Mill Park - South,-0.5398468971252441,1,6.128004743415317,458.52038156606295
(SA2)Monbulk - Silvan,0.029338955879211426,1,7.146628401850265,1269.8174155710776
(SA2)Montrose,-0.5643579959869385,1,6.084139308139706,438.84194239370083
(SA2)Moorabbin Airport,-0.5870140790939331,1,6.043593637268874,421.40469269387665
(SA2)Mornington - East,0.25084003806114197,1,7.543030107002434,1887.540819288468
(SA2)Mornington - West,0.26461029052734375,1,7.567673560227168,1934.6342320413924
(SA2)Mount Dandenong - Olinda,-0.45100274682044983,1,6.2870015858988655,537.5391453450433
(SA2)Mount Eliza,0.23152196407318115,1,7.508458188013822,1823.400034394831
(SA2)Mount Evelyn,-0.43389806151390076,1,6.317612390843097,554.2480835989584
(SA2)Mount Martha,0.16266196966171265,1,7.385225294826172,1611.9909273020037
(SA2)Mount Waverley - South,-0.549691379070282,1,6.110386908816443,450.5129888987521
(SA2)Mulgrave,-0.5800872445106506,1,6.055990005779005,426.66109338400673
(SA2)Narre Warren - North East,-0.2291204333305359,1,6.6840855483973804,799.5791673099909
(SA2)Narre Warren North,-0.24697333574295044,1,6.652135722741974,774.4365423042776
(SA2)Narre Warren South - East,0.06517568975687027,1,7.210762365785125,1353.9240594013588
(SA2)Narre Warren South - West,-0.019471868872642517,1,7.05927580758336,1163.602188689806
(SA2)Niddrie - Essendon West,-0.5126446485519409,1,6.176686301140501,481.3941153020103
(SA2)Noble Park North,-0.5866393446922302,1,6.044264267652936,421.68739426832116
(SA2)Pakenham - North East,0.17355546355247498,1,7.404720457155971,1643.7252802075202
(SA2)Pakenham - North West,0.20595818758010864,1,7.462708864840495,1741.8601359547554
(SA2)Panton Hill - St Andrews,-0.23089441657066345,1,6.680910801012984,797.0447306667272
(SA2)Pascoe Vale,-0.508679986000061,1,6.183781521535981,484.8218585641314
(SA2)Pascoe Vale South,-0.5226536393165588,1,6.158774059056338,472.8480355935895
(SA2)Pearcedale - Tooradin,0.20527255535125732,1,7.4614818469769855,1739.7241531647128
(SA2)Plenty - Yarrambat,-0.5645267367362976,1,6.083837327128527,438.70944046772865
(SA2)Point Cook - East,-0.4925386607646942,1,6.212668282646519,499.03103222549424
(SA2)Point Cook - North East,-0.40994662046432495,1,6.360476253987139,578.5218141152201
(SA2)Point Cook - North West,-0.3718006908893585,1,6.428742789659013,619.3947488233318
(SA2)Point Cook - South,-0.3920506238937378,1,6.392503201603366,597.3499972164284
(SA2)Point Nepean,-0.11515369266271591,1,6.888042160646584,980.4799146732087
(SA2)Port Melbourne,-0.535579264163971,1,6.135642164262872,462.03570158905325
(SA2)Port Melbourne Industrial,-0.5621152520179749,1,6.08815295685311,440.6068392599134
(SA2)Preston - West,-0.533179521560669,1,6.139936780119845,464.0242343754752
(SA2)Research - North Warrandyte,-0.60647052526474,1,6.008774085317544,406.984086560215
(SA2)Reservoir - North West,-0.5410669445991516,1,6.1258213279021305,457.52033320968167
(SA2)Reservoir - South East,-0.5415213704109192,1,6.1250080805587075,457.1484072685271
(SA2)Riddells Creek,0.09218709915876389,1,7.259102394826967,1420.9804851571419
(SA2)Ringwood North,-0.5868766903877258,1,6.043839510186841,421.50831743405115
(SA2)Rockbank - Mount Cottrell,-0.07687880843877792,1,6.956539475519335,1049.9937340048511
(SA2)Romsey,-0.019168592989444733,1,7.059818554716,1164.2339018559992
(SA2)Rosebud - McCrae,-0.05939965695142746,1,6.987820430835426,1083.3576481342607
(SA2)Rowville - Central,-0.5855767726898193,1,6.046165862667523,422.4900358226983
(SA2)Rowville - North,-0.6009500622749329,1,6.018653589836586,411.02481501398444
(SA2)Rowville - South,-0.6055606007575989,1,6.010402500053208,407.647365343853
(SA2)Roxburgh Park - North,-0.38198354840278625,1,6.4105193929971,608.2094987920574
(SA2)Royal Botanic Gardens Victoria,-0.48422685265541077,1,6.227543220840778,506.50957149794516
(SA2)Seabrook,-0.44992223381996155,1,6.288935288396449,538.5795917656635
(SA2)Skye - Sandhurst,0.02740619331598282,1,7.14316950057461,1265.4328297886182
(SA2)South Melbourne,-0.48138704895973206,1,6.232625376720901,509.0902843329083
(SA2)South Yarra - West,-0.4967031180858612,1,6.205215506493543,495.32569034148196
(SA2)Southbank (West) - South Wharf,-0.4424194395542145,1,6.30236240311323,545.8599293130264
(SA2)Southbank - East,-0.46098580956459045,1,6.269135744994449,528.0208359712673
(SA2)Springvale South,-0.5663812756538391,1,6.08051841607878,437.25581641692037
(SA2)St Kilda - Central,-0.4811181128025055,1,6.233106668957722,509.3353645074606
(SA2)St Kilda - West,-0.49714967608451843,1,6.2044163395081116,494.9300005348995
(SA2)Strathmore,-0.5126971006393433,1,6.1765924320872205,481.3489294129635
(SA2)Sunbury,0.13273759186267853,1,7.331672173241818,1527.9346083707346
(SA2)Sunbury - West,0.21176964044570923,1,7.473109129266488,1760.070473983275
(SA2)Sunshine North,-0.5065116286277771,1,6.187662046864732,486.7068771319118
(SA2)Sunshine West,-0.5168275237083435,1,6.169200564149497,477.80397973594506
(SA2)Sydenham,-0.2569841742515564,1,6.63422017390707,760.6856319609246
(SA2)Tarneit (West) - Mount Cottrell,0.015026647597551346,1,7.121014877294869,1237.7059159093428
(SA2)Tarneit - Central,-0.17613616585731506,1,6.7789069992261055,879.1073338071544
(SA2)Tarneit - North,-0.2063632309436798,1,6.724812183869226,832.8155456633106
(SA2)Tarneit - South,-0.10823138803243637,1,6.900430422283931,992.7019046836582
(SA2)Taylors Hill,-0.243525892496109,1,6.65830531960354,779.229272970697
(SA2)Templestowe,-0.58088618516922,1,6.054560209426533,426.0514908165601
(SA2)Templestowe Lower,-0.5529811382293701,1,6.104499505796301,447.8684297986108
(SA2)The Basin,-0.5962383151054382,1,6.027085804225044,414.50531792391195
(SA2)Truganina - North,-0.39344656467437744,1,6.390005004753553,595.859561810813
(SA2)Truganina - South East,-0.4075407087802887,1,6.364781910124811,581.0181003334956
(SA2)Truganina - South West,-0.33985334634780884,1,6.485916243290054,655.8395976645996
(SA2)Tullamarine,-0.46782252192497253,1,6.256900660584954,521.5998174256935
(SA2)Vermont,-0.5614639520645142,1,6.089318533154472,441.1206995634928
(SA2)Vermont South,-0.551349401473999,1,6.107419686708362,449.17819808785293
(SA2)Wallan,0.12723323702812195,1,7.321821496122378,1512.9573072737223
(SA2)Wandin - Seville,0.056652337312698364,1,7.195508844632088,1333.4286610051595
(SA2)Wantirna,-0.5816943645477295,1,6.0531138793203585,425.4357251261814
(SA2)Wantirna South,-0.5863090753555298,1,6.044855322680469,421.9367083946765
(SA2)Warrandyte - Wonga Park,-0.6125742197036743,1,5.997850820927648,402.5626838183476
(SA2)Werribee - East,-0.10716033726930618,1,6.902347191017642,994.6065094167255
(SA2)Werribee - West,0.19262751936912537,1,7.438852098283882,1700.796752659195
(SA2)West Melbourne - Residential,-0.43788257241249084,1,6.310481649544501,550.309941522776
(SA2)Wheelers Hill,-0.5791625380516052,1,6.057644874520593,427.36774603812427
(SA2)Whittlesea,0.019190996885299683,1,7.128467460109597,1246.9644789995825
(SA2)Wollert,-0.41311147809028625,1,6.3548123766501226,575.2543993761784
(SA2)Wyndham Vale - North,0.14705950021743774,1,7.357302878234025,1567.6028403504138
(SA2)Wyndham Vale - South,0.0522599071264267,1,7.187648084772821,1322.987988084886
(SA2)Yarra Valley,-0.044683702290058136,1,7.014156327090404,1112.2678599912729
